,City,Country,Lat,Lng,Max Temp,Humidity,Cloudiness,Wind Speed,Current Description
0,Tateyama,JP,34.98,139.87,70.0,88,75,13.87,broken clouds
1,Ushuaia,AR,-54.8,-68.3,46.4,75,75,23.04,broken clouds
2,Cape Town,ZA,-33.93,18.42,64.99,82,75,16.11,broken clouds
3,Bethel,US,41.37,-73.41,53.01,100,1,4.74,clear sky
4,Gizo,SB,-8.1,156.84,84.65,67,63,1.1,light rain
5,Kuching,MY,1.55,110.33,82.4,83,40,3.36,scattered clouds
6,Tezu,IN,27.92,96.17,82.87,29,0,2.98,clear sky
7,Sao Filipe,CV,14.9,-24.5,78.44,78,74,5.82,broken clouds
8,Baculin,PH,7.45,126.58,81.23,78,100,3.47,light rain
9,Kapaa,US,22.08,-159.32,78.8,78,75,13.87,broken clouds
10,Saskylakh,RU,71.92,114.08,-4.49,91,100,3.31,overcast clouds
11,Nizhniy Ingash,RU,56.2,96.53,32.61,96,100,8.77,overcast clouds
12,Angoche,MZ,-16.23,39.91,86.68,49,100,12.5,overcast clouds
13,Biograd Na Moru,HR,43.94,15.45,53.01,93,0,1.12,clear sky
14,Hobart,AU,-42.88,147.33,59.0,58,75,17.22,shower rain
15,Santa Maria,BR,-29.68,-53.81,58.28,94,20,7.72,few clouds
16,Upernavik,GL,72.79,-56.15,-4.29,81,0,14.74,clear sky
17,Tuktoyaktuk,CA,69.45,-133.04,15.8,92,90,8.05,light snow
18,Beberibe,BR,-4.18,-38.13,80.6,78,75,12.75,broken clouds
19,Hithadhoo,MV,-0.6,73.08,83.89,66,98,3.0,overcast clouds
20,Albany,US,42.6,-73.97,51.01,61,1,5.19,clear sky
21,Teya,RU,60.38,92.63,28.89,96,100,4.92,overcast clouds
22,Kodiak,US,57.79,-152.41,28.4,92,1,9.17,clear sky
23,Mataura,NZ,-46.19,168.86,43.79,96,100,4.83,moderate rain
24,Hilo,US,19.73,-155.09,75.2,83,1,5.82,clear sky
25,Georgetown,MY,5.41,100.34,87.8,83,40,3.36,light rain
26,Kota Kinabalu,MY,5.97,116.07,89.6,75,20,6.93,few clouds
27,Jamestown,US,42.1,-79.24,53.6,62,1,5.82,clear sky
28,Jiaozhou,CN,36.28,120.0,68.0,25,0,11.18,clear sky
29,Kabompo,ZM,-13.59,24.2,88.54,40,0,2.13,clear sky
30,Chokurdakh,RU,70.63,147.92,3.07,95,100,9.24,light snow
31,Dumai,ID,1.68,101.45,91.87,54,100,0.96,moderate rain
32,Fukue,JP,32.69,128.84,68.0,72,75,6.93,broken clouds
33,Fianarantsoa,MG,-21.43,47.08,79.36,53,100,5.03,overcast clouds
34,New Norfolk,AU,-42.78,147.06,59.0,46,99,3.0,overcast clouds
35,Fort Saint James,CA,54.43,-124.25,26.83,91,0,4.43,clear sky
36,Muisne,EC,0.6,-80.03,74.3,81,98,3.76,overcast clouds
37,Hermanus,ZA,-34.42,19.23,66.99,53,0,10.0,clear sky
38,Cabo San Lucas,MX,22.89,-109.91,73.99,87,0,4.83,clear sky
39,Vaini,TO,-21.2,-175.2,75.2,78,20,5.82,few clouds
40,Ancud,CL,-41.87,-73.82,46.99,80,100,5.82,overcast clouds
41,Rikitea,PF,-23.12,-134.97,71.55,69,58,16.4,broken clouds
42,Bluff,NZ,-46.6,168.33,45.32,76,100,7.23,overcast clouds
43,Pisco,PE,-13.7,-76.22,64.4,82,90,11.41,overcast clouds
44,Busselton,AU,-33.65,115.33,81.0,39,1,1.99,clear sky
45,Severo-Kurilsk,RU,50.68,156.12,35.42,83,89,6.17,overcast clouds
46,Clarence Town,AU,-32.58,151.78,66.0,63,75,20.8,shower rain
47,Gat,IL,31.61,34.76,70.0,67,0,4.65,clear sky
48,Lively,CA,46.43,-81.15,42.8,100,5,5.82,clear sky
49,Brae,GB,60.4,-1.35,50.0,81,75,5.82,broken clouds
50,San Rafael Del Sur,NI,11.85,-86.44,74.75,93,100,8.88,overcast clouds
51,Barrow,US,71.29,-156.79,33.8,80,90,21.92,light snow
52,Barbosa Ferraz,BR,-24.03,-52.01,61.2,61,0,4.05,clear sky
53,Hasaki,JP,35.73,140.83,72.0,82,75,5.82,broken clouds
54,Yellowknife,CA,62.46,-114.35,9.0,92,90,4.7,light snow
55,Sarandi,BR,-23.44,-51.87,62.85,59,0,9.35,clear sky
56,Khatanga,RU,71.97,102.5,-5.01,89,0,8.37,clear sky
57,Penzance,GB,50.12,-5.54,53.6,100,100,26.4,overcast clouds
58,Solwezi,ZM,-12.17,26.39,83.7,44,66,2.06,broken clouds
59,San Cristobal,VE,7.77,-72.22,65.19,90,80,1.05,light rain
60,Bredasdorp,ZA,-34.53,20.04,64.4,59,0,10.29,clear sky
61,Butaritari,KI,3.07,172.79,81.23,76,41,13.27,scattered clouds
62,Antalaha,MG,-14.9,50.28,82.36,59,92,9.82,overcast clouds
63,Aden,YE,12.78,45.04,80.69,68,0,17.54,clear sky
64,Bambous Virieux,MU,-20.34,57.76,80.6,61,40,11.41,scattered clouds
65,Saint Anthony,US,45.02,-93.22,63.0,67,1,14.99,clear sky
66,Sinnamary,GF,5.38,-52.95,76.26,88,80,9.17,broken clouds
67,Puerto Leguizamo,CO,-0.19,-74.78,72.68,97,100,0.98,light rain
68,Bon Accord,CA,53.83,-113.42,28.4,92,90,5.82,overcast clouds
69,Puerto Ayora,EC,-0.74,-90.35,68.0,78,53,1.99,broken clouds
70,Qaanaaq,GL,77.48,-69.36,-8.52,76,0,7.09,clear sky
71,Benemerito De Las Americas,MX,16.52,-90.64,71.56,98,99,2.77,light rain
72,Poya,NC,-21.35,165.15,77.76,65,1,6.69,clear sky
73,Port Lincoln,AU,-34.73,135.87,61.36,66,0,16.4,clear sky
74,Nikolskoye,RU,59.7,30.79,48.2,76,0,11.18,clear sky
75,Mount Gambier,AU,-37.83,140.77,60.8,51,0,18.34,clear sky
76,Bumba,CD,2.18,22.47,72.41,96,100,4.43,overcast clouds
77,Constitucion,CL,-35.33,-72.42,54.23,73,0,7.7,clear sky
78,Palaikastron,GR,35.2,26.25,71.01,63,1,17.0,clear sky
79,Jiujiang,CN,29.73,115.98,74.91,39,0,7.2,clear sky
80,Yar-Sale,RU,66.83,70.83,26.67,99,96,6.76,overcast clouds
81,Punta Arenas,CL,-53.15,-70.92,48.2,61,75,11.41,broken clouds
82,Bambanglipuro,ID,-7.95,110.28,85.17,66,0,13.42,clear sky
83,Motril,ES,36.75,-3.52,63.0,83,8,1.01,clear sky
84,Innisfail,AU,-17.53,146.03,89.01,36,0,3.0,clear sky
85,Mbaiki,CF,3.87,17.99,76.44,85,100,1.97,overcast clouds
86,Tiksi,RU,71.69,128.87,-6.38,92,69,3.13,broken clouds
87,Kenora,CA,49.82,-94.43,33.8,86,75,8.05,broken clouds
88,Haverfordwest,GB,51.8,-4.97,46.4,87,98,4.7,overcast clouds
89,Linxia,CN,35.6,103.21,50.14,44,0,3.4,clear sky
90,Lorengau,PG,-2.02,147.27,84.13,75,22,10.45,few clouds
91,Moose Factory,CA,51.26,-80.61,30.2,92,90,3.36,light rain
92,Meulaboh,ID,4.14,96.13,80.76,81,100,3.71,light rain
93,Victoria,HK,22.29,114.16,84.99,48,45,15.99,scattered clouds
94,Viedma,AR,-40.81,-63.0,46.99,93,0,5.86,clear sky
95,Thompson,CA,55.74,-97.86,14.0,92,90,6.93,light snow
96,Trelew,AR,-43.25,-65.31,49.15,77,13,10.25,few clouds
97,Kaitangata,NZ,-46.28,169.85,46.99,86,100,7.0,overcast clouds
98,Fairbanks,US,64.84,-147.72,30.0,96,100,5.93,overcast clouds
99,Carnarvon,AU,-24.87,113.63,77.0,73,75,18.34,broken clouds
100,Avarua,CK,-21.21,-159.78,73.4,88,1,1.12,clear sky
101,Hamilton,US,39.18,-84.53,53.01,100,1,2.44,mist
102,Miyazu,JP,35.53,135.18,62.6,100,75,2.24,light intensity shower rain
103,Vieste,IT,41.88,16.18,55.99,87,20,12.75,few clouds
104,Sakakah,SA,29.97,40.21,66.2,48,0,4.7,clear sky
105,Lata,PT,40.16,-8.33,55.99,91,18,1.01,few clouds
106,Kishtwar,IN,33.32,75.77,68.94,19,0,3.38,clear sky
107,Porbandar,IN,21.64,69.61,91.4,31,0,5.82,clear sky
108,Poum,NC,-20.23,164.02,77.95,79,0,21.3,clear sky
109,Kavieng,PG,-2.57,150.8,84.51,64,50,11.1,scattered clouds
110,Klaksvik,FO,62.23,-6.59,41.0,86,100,12.08,overcast clouds
111,Le Tampon,RE,-21.27,55.52,80.6,65,0,23.04,clear sky
112,Hangu,CN,39.25,117.79,66.2,13,0,13.42,clear sky
113,Port Blair,IN,11.67,92.75,84.83,68,0,10.54,clear sky
114,Hoi An,VN,15.88,108.33,82.4,61,20,11.41,few clouds
115,Inhambane,MZ,-23.86,35.38,82.4,83,40,18.34,scattered clouds
116,Itaituba,BR,-4.28,-55.98,73.83,94,99,2.3,overcast clouds
117,Ulundi,ZA,-28.34,31.42,80.04,53,31,2.26,scattered clouds
118,Mahebourg,MU,-20.41,57.7,80.6,61,40,11.41,scattered clouds
119,Bengkulu,ID,-3.8,102.27,82.92,80,100,6.69,light rain
120,Fortuna,US,40.6,-124.16,48.99,93,90,6.93,overcast clouds
121,Chifeng,CN,42.27,118.96,44.49,48,5,25.88,clear sky
122,Katiola,CI,8.13,-5.1,73.4,100,75,6.93,broken clouds
123,Kunming,CN,25.04,102.72,71.01,72,40,8.95,scattered clouds
124,Lisakovsk,KZ,52.54,62.49,42.44,66,100,13.15,light rain
125,Namibe,AO,-15.2,12.15,74.01,55,65,8.05,broken clouds
126,Havre-Saint-Pierre,CA,50.23,-63.6,37.4,100,90,8.05,overcast clouds
127,Ribeira Grande,PT,38.52,-28.7,59.67,68,75,27.83,broken clouds
128,Kananga,CD,-5.9,22.42,78.55,67,99,1.32,overcast clouds
129,Talnakh,RU,69.49,88.4,12.2,78,100,11.18,light snow
130,Inhambupe,BR,-11.78,-38.35,70.61,96,25,4.36,scattered clouds
131,Biak,ID,-0.91,122.88,83.1,72,14,6.42,light rain
132,Muroto,JP,33.28,134.15,71.6,88,75,5.82,broken clouds
133,Grand Forks,US,47.94,-97.43,30.2,92,20,16.11,few clouds
134,Ranong,TH,9.97,98.63,89.6,70,40,5.82,scattered clouds
135,Husavik,IS,66.04,-17.34,39.2,51,90,9.17,overcast clouds
136,Tasiilaq,GL,65.61,-37.64,28.4,86,100,32.21,light snow
137,Puerto Del Rosario,ES,28.5,-13.86,62.6,77,0,5.82,clear sky
138,Veraval,IN,20.9,70.37,88.03,34,0,4.7,clear sky
139,Houma,US,29.6,-90.72,70.0,88,75,8.05,broken clouds
140,Pevek,RU,69.7,170.31,18.84,95,99,7.02,overcast clouds
141,Scarborough,GB,54.28,-0.4,43.0,94,0,6.13,clear sky
142,Asyut,EG,27.18,31.18,60.8,63,0,4.7,clear sky
143,Batemans Bay,AU,-35.72,150.18,61.0,71,7,5.01,clear sky
144,Beringovskiy,RU,63.05,179.32,29.84,89,86,17.43,overcast clouds
145,Neiafu,TO,-18.65,-173.98,77.0,73,40,6.93,scattered clouds
146,Takoradi,GH,4.88,-1.76,78.96,87,13,6.87,few clouds
147,Port Elizabeth,ZA,-33.92,25.57,66.2,63,0,6.93,clear sky
148,Narsaq,GL,60.92,-46.05,30.2,86,100,9.17,light snow
149,Sabla,NG,12.75,4.71,76.08,25,0,12.97,clear sky
150,Muros,ES,42.78,-9.06,53.01,93,20,8.05,few clouds
151,Manama,BH,26.22,50.58,87.8,48,0,14.99,clear sky
152,Atuona,PF,-9.8,-139.03,78.19,78,3,20.36,light rain
153,Ruteng,ID,-8.61,120.47,76.37,71,7,0.34,light rain
154,Saint-Philippe,RE,-21.36,55.77,80.6,65,0,23.04,clear sky
155,Kerema,PG,-7.96,145.78,80.87,77,100,3.11,overcast clouds
156,Erenhot,CN,43.65,111.98,34.84,62,0,21.61,clear sky
157,Westport,US,41.14,-73.36,53.01,87,1,3.36,clear sky
158,Haimen,CN,23.19,116.61,84.2,54,75,8.95,broken clouds
159,Jaguarao,BR,-32.57,-53.38,60.42,93,36,7.36,scattered clouds
160,Tucupita,VE,9.06,-62.05,72.79,98,17,2.19,few clouds
161,Suntar,RU,62.14,117.63,3.9,91,100,6.89,overcast clouds
162,Thunder Bay,CA,48.4,-89.32,43.0,100,5,2.24,clear sky
163,Cherskiy,RU,68.75,161.3,5.38,95,85,8.48,overcast clouds
164,Yulara,AU,-25.24,130.99,95.0,13,40,3.36,scattered clouds
165,Aripuana,BR,-9.17,-60.63,71.8,96,91,2.46,overcast clouds
166,Port Alfred,ZA,-33.59,26.89,71.08,63,98,8.68,overcast clouds
167,Kupang,ID,-10.17,123.58,90.82,46,0,14.43,clear sky
168,Luanda,AO,-8.84,13.23,77.0,94,75,6.93,light intensity drizzle
169,Hofn,IS,64.25,-15.21,35.71,76,0,7.16,clear sky
170,Umm Kaddadah,SD,13.6,26.69,76.05,23,0,19.28,clear sky
171,Tessalit,ML,20.2,1.01,71.17,21,0,11.86,clear sky
172,Port Hardy,CA,50.7,-127.42,42.8,70,75,16.11,broken clouds
173,Normandin,CA,48.83,-72.53,50.0,70,86,16.11,overcast clouds
174,La Ronge,CA,55.1,-105.28,15.8,78,3,3.36,clear sky
175,Denpasar,ID,-8.65,115.22,84.9,63,7,7.85,clear sky
176,Cabra,ES,37.47,-4.44,59.0,93,75,3.36,broken clouds
177,Kiama,AU,-34.68,150.87,63.0,51,40,14.99,scattered clouds
178,San Rafael,AR,-34.62,-68.33,59.72,72,0,9.6,clear sky
179,Labuhan,ID,-6.88,112.21,87.64,61,0,9.13,clear sky
180,Ugoofaaru,MV,5.67,73.0,83.61,73,100,9.95,moderate rain
181,Saldanha,ZA,-33.01,17.94,60.8,87,2,13.87,clear sky
182,Namatanai,PG,-3.67,152.43,83.19,69,100,7.0,overcast clouds
183,Usinsk,RU,65.99,57.53,33.82,99,100,5.5,overcast clouds
184,Napanee,CA,44.25,-76.95,51.01,91,86,7.76,overcast clouds
185,Mayo,US,38.89,-76.51,51.01,100,1,4.94,mist
186,Dikson,RU,73.51,80.55,0.03,89,63,7.52,broken clouds
187,Lincoln,US,40.8,-96.67,61.0,77,1,14.99,clear sky
188,Mnogovershinnyy,RU,53.94,139.92,19.24,96,99,6.51,overcast clouds
189,Half Moon Bay,US,37.46,-122.43,51.01,87,75,4.7,light rain
190,San Quintin,MX,30.48,-115.95,64.63,77,100,11.27,overcast clouds
191,Caravelas,BR,-17.71,-39.25,70.7,95,100,2.26,overcast clouds
192,Taoudenni,ML,22.68,-3.98,77.52,18,100,5.59,overcast clouds
193,San Patricio,US,28.02,-97.52,64.99,93,20,6.93,few clouds
194,Nioki,CD,-2.72,17.68,77.36,80,28,1.97,scattered clouds
195,Ostrogozhsk,RU,50.87,39.08,44.4,71,91,17.72,overcast clouds
196,Grand Gaube,MU,-20.01,57.66,78.01,62,2,11.99,clear sky
197,Souillac,MU,-20.52,57.52,80.6,61,40,11.41,scattered clouds
198,Voznesenye,RU,61.01,35.48,41.7,76,0,15.08,clear sky
199,Bruck An Der Leitha,AT,48.02,16.77,39.0,78,0,3.36,mist
200,Annau,TM,37.89,58.52,69.8,22,40,18.34,scattered clouds
201,Torbay,CA,47.67,-52.73,54.0,93,90,18.34,light intensity shower rain
202,Coihaique,CL,-45.58,-72.07,37.51,84,16,5.06,few clouds
203,Ishigaki,JP,24.34,124.16,82.4,88,20,8.05,few clouds
204,Lompoc,US,34.64,-120.46,53.6,76,90,5.82,overcast clouds
205,Olinda,BR,-8.01,-34.86,80.6,78,40,6.93,scattered clouds
206,Mamanguape,BR,-6.84,-35.13,73.4,100,40,2.24,scattered clouds
207,Luderitz,NA,-26.65,15.16,64.8,60,0,5.7,clear sky
208,Tuy Hoa,VN,13.08,109.3,77.2,84,93,15.86,light rain
209,Binzhou,CN,37.37,118.02,71.01,20,0,12.1,clear sky
210,Castro,BR,-24.79,-50.01,48.34,93,8,4.23,clear sky
211,Zhigansk,RU,66.77,123.37,-13.27,89,91,4.72,overcast clouds
212,Longyearbyen,SJ,78.22,15.64,33.8,80,75,16.11,broken clouds
213,Ostrovnoy,RU,68.05,39.51,37.02,85,100,19.17,overcast clouds
214,East London,ZA,-33.02,27.91,68.0,72,20,6.93,few clouds
215,Ous,RU,60.91,61.52,36.41,94,100,4.09,overcast clouds
216,Jiexiu,CN,37.02,111.91,57.74,29,0,11.61,clear sky
217,Alofi,NU,-19.06,-169.92,73.4,83,3,9.17,clear sky
218,Iqaluit,CA,63.75,-68.51,-4.0,70,20,18.34,few clouds
219,Dogondoutchi,NE,13.64,4.03,77.77,20,0,12.33,clear sky
220,Faanui,PF,-16.48,-151.75,79.2,79,2,14.54,clear sky
221,Muhos,FI,64.81,25.99,48.2,76,0,12.75,clear sky
222,Nome,US,64.5,-165.41,37.99,86,90,20.8,light rain
223,Broome,US,42.25,-75.83,53.6,54,1,6.93,clear sky
224,Zheleznodorozhnyy,RU,55.75,38.0,70.93,81,75,17.9,moderate rain
225,Norman Wells,CA,65.28,-126.83,10.4,92,90,2.24,light snow
226,Arica,CL,-18.48,-70.3,61.0,75,9,4.47,clear sky
227,Arraial Do Cabo,BR,-22.97,-42.03,69.53,74,0,3.24,clear sky
228,Tignere,CM,7.37,12.65,72.59,48,86,2.13,overcast clouds
229,Vardo,NO,70.37,31.11,39.4,74,10,25.21,clear sky
230,Vila Franca Do Campo,PT,37.72,-25.43,59.0,58,40,11.41,scattered clouds
231,Maarianhamina,AX,60.1,19.93,35.6,100,40,3.36,fog
232,Mar Del Plata,AR,-38.0,-57.56,61.0,100,93,3.36,light rain
233,Yaypan,UZ,40.38,70.82,67.71,20,9,6.38,clear sky
234,Shimoda,JP,34.67,138.95,68.0,88,75,13.87,broken clouds
235,Baiyin,CN,36.56,104.21,50.0,25,0,4.47,clear sky
236,Tottori,JP,35.5,134.23,64.4,93,75,2.24,shower rain
237,Chuy,UY,-33.7,-53.46,59.04,95,59,6.51,broken clouds
238,Yavoriv,UA,49.94,23.38,45.0,93,90,4.47,light intensity drizzle
239,Altay,CN,47.87,88.12,45.48,53,40,1.63,scattered clouds
240,Codrington,AU,-38.27,141.97,54.16,72,0,14.34,clear sky
241,Severnyy-Kospashskiy,RU,59.09,57.8,36.0,100,100,1.23,overcast clouds
242,Taloqan,AF,36.74,69.53,76.69,13,1,4.05,clear sky
243,Ola,RU,59.58,151.28,14.05,86,99,14.05,overcast clouds
244,Aklavik,CA,68.22,-135.01,17.6,72,88,1.12,overcast clouds
245,Ereymentau,KZ,51.62,73.1,49.26,41,39,17.31,scattered clouds
246,Palmer,US,42.16,-72.33,53.01,100,1,4.16,clear sky
247,Victor Harbor,AU,-35.57,138.62,61.0,66,0,1.99,clear sky
248,Tura,IN,25.52,90.22,80.42,53,0,2.24,clear sky
249,Bani Walid,LY,31.76,13.99,63.41,76,0,8.86,clear sky
250,Nanortalik,GL,60.14,-45.24,33.96,89,100,17.81,overcast clouds
251,Nouadhibou,MR,20.93,-17.03,68.77,76,89,13.49,overcast clouds
252,Japura,ID,-0.32,102.35,89.47,58,100,2.71,moderate rain
253,Copiapo,CL,-27.37,-70.33,55.4,87,0,3.36,clear sky
254,Margate,GB,51.38,1.39,51.01,66,22,9.06,few clouds
255,Kahului,US,20.89,-156.47,78.8,74,40,12.75,scattered clouds
256,Pombas,CV,17.15,-25.02,75.2,78,40,5.82,scattered clouds
257,Nuuk,GL,64.18,-51.72,23.0,100,100,4.7,light snow
258,Florianopolis,BR,-27.61,-48.5,70.0,93,20,6.93,few clouds
259,Guerrero Negro,MX,27.98,-114.06,66.0,90,0,6.26,clear sky
260,Moate,IE,53.55,-7.72,43.0,91,31,5.3,scattered clouds
261,Leeston,NZ,-43.77,172.3,57.0,50,100,3.0,light rain
262,Flin Flon,CA,54.77,-101.86,13.41,96,25,3.38,scattered clouds
263,Pimenta Bueno,BR,-11.67,-61.19,73.72,75,68,2.19,broken clouds
264,Cabedelo,BR,-6.98,-34.83,73.4,100,40,2.24,scattered clouds
265,Baykit,RU,61.67,96.37,14.85,93,100,2.84,light snow
266,Saurimo,AO,-9.66,20.39,74.98,77,98,3.36,overcast clouds
267,Mandera,KE,3.94,41.87,84.43,60,85,12.93,light rain
268,Nanhai,CN,30.13,111.78,76.59,26,0,8.34,clear sky
269,Rancho Palos Verdes,US,33.74,-118.39,60.01,75,0,15.01,clear sky
270,Mount Isa,AU,-20.73,139.5,96.8,6,43,12.75,scattered clouds
271,Slave Lake,CA,55.28,-114.77,19.4,85,90,6.93,overcast clouds
272,Dunedin,NZ,-45.87,170.5,51.01,78,100,1.01,overcast clouds
273,Lasa,IT,46.62,10.7,33.8,44,5,6.93,clear sky
274,Severo-Yeniseyskiy,RU,60.37,93.04,26.08,99,100,6.46,light snow
275,Weihe,CN,33.0,105.32,60.78,39,1,6.42,clear sky
276,Ancona,IT,43.55,13.17,51.01,100,0,4.7,clear sky
277,Kruisfontein,ZA,-34.0,24.73,70.0,66,100,1.99,overcast clouds
278,Venice,US,27.1,-82.45,73.99,94,90,12.75,overcast clouds
279,Mecca,SA,21.43,39.83,83.64,51,0,4.27,clear sky
280,Loa Janan,ID,-0.58,117.09,93.18,47,35,3.83,scattered clouds
281,Sangin,AF,32.07,64.84,75.9,15,0,2.24,clear sky
282,Mikuni,JP,36.22,136.15,62.6,93,75,6.93,broken clouds
283,Itarema,BR,-2.92,-39.92,79.88,78,88,13.2,overcast clouds
284,Okhotsk,RU,59.38,143.3,14.18,91,100,12.26,overcast clouds
285,Marzuq,YE,14.4,46.47,78.78,18,0,2.28,clear sky
286,Atar,MR,20.52,-13.05,80.49,22,100,6.67,overcast clouds
287,Evensk,RU,61.95,159.23,13.53,89,60,7.34,broken clouds
288,Morondava,MG,-20.28,44.28,84.65,57,0,6.67,clear sky
289,Goure,NE,13.98,10.27,72.0,30,59,5.99,broken clouds
290,Ponta Do Sol,PT,32.67,-17.1,62.6,59,20,4.7,few clouds
291,Kuznechnoye,RU,61.12,29.87,45.0,86,0,8.03,clear sky
292,Pogar,RU,52.55,33.26,46.33,89,100,19.26,overcast clouds
293,Esperance,AU,-33.87,121.9,64.4,72,90,17.22,overcast clouds
294,Chilca,PE,-12.52,-76.74,64.4,82,90,8.05,overcast clouds
295,Gigmoto,PH,13.78,124.39,80.22,88,100,16.44,moderate rain
296,Dingle,PH,11.0,122.67,74.84,94,100,7.05,heavy intensity rain
297,Mayahi,NE,13.96,7.67,74.84,20,83,14.83,broken clouds
298,Ocean City,US,39.28,-74.57,55.0,93,1,7.25,clear sky
299,Lavrentiya,RU,65.58,-171.0,33.12,90,0,19.24,clear sky
300,Medea,DZ,36.26,2.75,77.0,27,75,6.93,broken clouds
301,Olga,RU,43.74,135.29,50.83,46,11,9.48,few clouds
302,Namwala,ZM,-15.75,26.44,89.74,21,2,9.31,clear sky
303,Katsuura,JP,35.13,140.3,70.0,79,100,5.99,overcast clouds
304,Acari,PE,-15.43,-74.62,63.93,64,50,1.92,scattered clouds
305,Ahipara,NZ,-35.17,173.17,64.98,90,41,15.88,scattered clouds
306,Kaduna,NG,10.52,7.44,70.88,29,0,9.6,clear sky
307,Aberdeen,GB,57.14,-2.1,35.6,100,90,2.24,fog
308,Lazurne,UA,46.08,32.53,48.2,87,40,6.71,scattered clouds
309,Cidreira,BR,-30.18,-50.21,66.74,84,1,16.33,clear sky
310,Vanimo,PG,-2.67,141.3,84.76,71,100,9.82,overcast clouds
311,Lumby,CA,50.25,-118.97,30.2,86,24,5.82,few clouds
312,Buraydah,SA,26.33,43.98,73.4,28,20,14.99,few clouds
313,Zhelyabovka,UA,45.4,34.76,49.69,68,100,9.71,overcast clouds
314,Mazagao,BR,-0.12,-51.29,80.6,94,90,4.7,light rain
315,Oktyabrskoye,RU,43.06,44.74,42.8,87,90,2.24,overcast clouds
316,Dilla,ET,6.41,38.31,73.96,59,78,2.57,light rain
317,Ventspils,LV,57.39,21.56,51.8,100,90,6.93,overcast clouds
318,Bawku,GH,11.06,-0.24,76.5,20,0,3.29,clear sky
319,Karratha,AU,-20.74,116.85,94.59,18,0,24.14,clear sky
320,California City,US,35.13,-117.99,53.01,57,75,26.4,broken clouds
321,Sao Jose Da Coroa Grande,BR,-8.9,-35.15,77.04,86,3,7.78,clear sky
322,Krasnoselkup,RU,65.7,82.47,32.68,98,100,10.51,overcast clouds
323,Sangar,RU,63.92,127.47,-7.73,91,91,5.03,overcast clouds
324,Burnie,AU,-41.07,145.92,58.77,49,0,8.95,clear sky
325,Port-Gentil,GA,-0.72,8.78,78.8,94,90,3.36,overcast clouds
326,Alta Floresta,BR,-9.88,-56.09,70.65,89,100,3.09,overcast clouds
327,Oudtshoorn,ZA,-33.59,22.2,68.0,64,20,1.12,few clouds
328,Labrea,BR,-7.26,-64.8,74.23,81,74,1.01,broken clouds
329,Kirs,RU,59.34,52.24,33.98,95,100,1.19,overcast clouds
330,Bubaque,GW,11.28,-15.83,82.87,76,78,13.0,broken clouds
331,Trogir,HR,43.51,16.25,54.0,58,0,2.24,clear sky
332,Kaohsiung,TW,22.62,120.31,82.4,78,75,12.75,broken clouds
333,Paulista,BR,-7.94,-34.87,80.6,78,40,6.93,scattered clouds
334,Puerto Baquerizo Moreno,EC,-0.9,-89.6,65.97,81,72,10.18,broken clouds
335,Along,IN,28.17,94.77,82.78,31,0,0.67,clear sky
336,Manjacaze,MZ,-24.71,33.88,93.69,39,0,8.08,clear sky
337,Sakaiminato,JP,35.55,133.23,64.4,93,75,2.24,mist
338,Axim,GH,4.87,-2.24,79.56,86,39,7.54,scattered clouds
339,Carman,CA,49.5,-98.0,26.6,86,100,11.41,overcast clouds
340,Usvyaty,RU,55.75,30.75,46.44,87,22,8.5,few clouds
341,Basco,PH,20.45,121.97,80.69,81,26,13.89,scattered clouds
342,Lebu,CL,-37.62,-73.65,50.67,85,0,18.66,clear sky
343,Hermosillo,MX,29.07,-110.97,73.99,46,20,7.14,few clouds
344,Yairipok,IN,24.67,94.07,78.15,55,0,1.39,clear sky
345,Jaffna,LK,9.67,80.01,84.07,75,5,11.77,light rain
346,Hun,LY,29.13,15.95,61.34,83,76,9.55,broken clouds
347,Tabou,CI,4.42,-7.35,78.12,87,73,3.69,broken clouds
348,Tevaitoa,PF,-16.78,-151.5,79.92,77,3,13.56,clear sky
349,Graaff-Reinet,ZA,-32.25,24.53,73.0,42,1,1.01,clear sky
350,Seymchan,RU,62.88,152.43,5.9,92,100,8.08,light snow
351,Port Augusta,AU,-32.5,137.77,75.99,40,0,12.75,clear sky
352,Pozo Colorado,PY,-23.49,-58.8,69.66,32,0,5.39,clear sky
353,Bathsheba,BB,13.22,-59.52,80.6,83,40,14.99,shower rain
354,Jiwani,PK,25.05,61.74,78.73,51,0,3.06,clear sky
355,Uruana,BR,-15.5,-49.69,69.1,88,100,5.26,overcast clouds
356,Marinette,US,45.1,-87.63,57.2,76,1,8.05,clear sky
357,Avera,US,33.19,-82.53,66.2,100,90,8.05,overcast clouds
358,Quatre Cocos,MU,-20.21,57.76,80.6,61,40,11.41,scattered clouds
359,Uvira,CD,-3.41,29.15,78.73,58,55,3.38,light rain
360,La Asuncion,VE,11.03,-63.86,89.6,66,1,11.41,light rain
361,Sola,VU,-13.88,167.55,82.4,94,75,8.08,broken clouds
362,Puerto Madryn,AR,-42.77,-65.04,51.93,72,100,13.06,overcast clouds
363,Conchagua,SV,13.31,-87.86,71.49,98,100,2.06,light rain
364,Opotiki,NZ,-38.08,177.28,66.0,90,31,1.99,scattered clouds
365,Coquimbo,CL,-29.95,-71.34,53.6,93,0,3.36,clear sky
366,Lethem,GY,3.38,-59.8,75.76,90,100,7.05,overcast clouds
367,Sao Felix Do Xingu,BR,-6.64,-51.99,71.08,97,100,1.81,light rain
368,Miyako,JP,39.64,141.95,60.37,71,9,4.12,clear sky
369,Saint-Joseph,RE,-21.37,55.62,80.6,65,0,23.04,clear sky
370,Rzhyshchiv,UA,49.97,31.05,48.2,81,75,6.71,broken clouds
371,Bonavista,CA,48.65,-53.11,52.0,93,99,9.17,overcast clouds
372,Provideniya,RU,64.38,-173.3,34.12,87,97,24.49,overcast clouds
373,Novyy Urengoy,RU,66.08,76.63,29.43,99,100,8.3,overcast clouds
374,Pelotas,BR,-31.77,-52.34,64.99,91,28,4.0,scattered clouds
375,Bapatla,IN,15.9,80.47,84.99,68,0,10.0,clear sky
376,Kalmunai,LK,7.42,81.82,87.12,64,92,10.85,overcast clouds
377,Villa Maria,AR,-32.41,-63.24,66.0,69,15,1.99,few clouds
378,Xichang,CN,27.9,102.26,63.55,55,85,1.39,overcast clouds
379,Ketchikan,US,55.34,-131.65,37.4,93,90,8.05,overcast clouds
380,Daru,PG,-9.08,143.21,81.0,76,100,5.44,overcast clouds
381,Nizhnetroitskiy,RU,54.34,53.68,40.03,77,100,11.23,overcast clouds
382,Saint George,US,37.1,-113.58,69.8,32,1,10.29,clear sky
383,Tarija,BO,-21.54,-64.73,64.94,48,0,1.57,clear sky
384,Parrita,CR,9.52,-84.32,64.4,100,90,3.36,fog
385,Nemuro,JP,43.32,145.57,59.0,67,20,8.05,few clouds
386,Perbaungan,ID,3.57,98.96,84.34,70,100,6.29,overcast clouds
387,Leh,IN,34.17,77.58,36.39,51,0,2.13,clear sky
388,Jackson,US,42.42,-122.83,43.0,87,90,4.7,light rain
389,Raga,SS,8.46,25.68,79.79,31,97,7.34,overcast clouds
390,Oriximina,BR,-1.77,-55.87,74.77,89,53,4.03,broken clouds
391,Vestmannaeyjar,IS,63.44,-20.27,42.51,78,100,14.88,overcast clouds
392,Richards Bay,ZA,-28.78,32.04,77.59,65,67,5.61,broken clouds
393,Kaliua,TZ,-5.06,31.79,80.82,52,98,6.15,light rain
394,Heidenreichstein,AT,48.87,15.12,36.0,98,0,5.41,clear sky
395,Abu Kamal,SY,34.45,40.92,68.83,47,6,6.76,clear sky
396,Eisiskes,LT,54.17,25.0,48.99,93,90,8.05,overcast clouds
397,Hobyo,SO,5.35,48.53,82.6,69,47,13.29,scattered clouds
398,Vilhena,BR,-12.74,-60.15,71.87,70,91,3.11,overcast clouds
399,Cayenne,GF,4.93,-52.33,75.2,100,0,2.24,clear sky
400,Imbituba,BR,-28.24,-48.67,64.4,93,20,6.93,light rain
401,Clifton,US,40.86,-74.16,61.0,81,1,4.09,clear sky
402,Pasighat,IN,28.07,95.33,81.64,39,0,3.38,clear sky
403,Vanderhoof,CA,54.02,-124.02,27.95,91,0,6.13,light snow
404,Clyde River,CA,70.47,-68.59,8.6,78,90,14.99,overcast clouds
405,Aginskoye,RU,51.1,114.53,22.46,84,0,19.8,clear sky
406,Egvekinot,RU,66.32,-179.17,24.53,99,100,3.42,light snow
407,Vestmanna,FO,62.16,-7.17,41.0,86,96,12.12,overcast clouds
408,Road Town,VG,18.42,-64.62,80.01,86,91,1.01,overcast clouds
409,Timizart,DZ,36.8,4.27,68.38,42,100,5.93,overcast clouds
410,Dicabisagan,PH,17.08,122.42,82.27,77,97,7.67,overcast clouds
411,Russell,US,32.35,-85.2,66.2,87,1,3.36,clear sky
412,Cabangahan,PH,9.08,122.95,84.2,74,75,16.11,moderate rain
413,Prince Rupert,CA,54.32,-130.32,39.2,81,90,6.93,overcast clouds
414,Roald,NO,62.58,6.13,51.8,76,75,23.04,light intensity shower rain
415,Chicama,PE,-7.84,-79.15,59.04,88,91,2.77,overcast clouds
416,Mutum,BR,-19.8,-41.44,68.25,91,2,1.03,clear sky
417,Lagoa,PT,39.05,-27.98,60.85,73,56,35.37,broken clouds
418,Preobrazheniye,RU,42.9,133.91,52.14,54,0,11.03,clear sky
419,Shingu,JP,33.73,135.98,71.6,88,75,2.24,broken clouds
420,Touros,BR,-5.2,-35.46,75.2,94,40,3.36,scattered clouds
421,Ciudad Bolivar,VE,8.12,-63.55,76.64,85,0,8.37,clear sky
422,Kurumkan,RU,54.3,110.3,21.58,77,16,5.3,few clouds
423,Lambakin,PH,14.75,120.87,86.0,74,75,2.24,heavy intensity rain
424,Nhulunbuy,AU,-12.23,136.77,91.4,49,0,10.29,clear sky
425,Ostersund,SE,63.18,14.64,42.8,75,93,6.93,overcast clouds
426,Krynychky,UA,48.38,34.47,46.4,87,0,11.18,clear sky
427,Mokhsogollokh,RU,61.47,128.92,3.13,93,100,3.44,overcast clouds
428,Lieksa,FI,63.32,30.02,43.25,84,0,13.22,clear sky
429,Newport,GB,51.59,-3.0,46.0,94,89,1.01,overcast clouds
430,Borogontsy,RU,62.67,131.17,-5.75,89,100,3.38,overcast clouds
431,Rabo De Peixe,PT,37.8,-25.58,59.0,58,40,11.41,scattered clouds
432,Tuatapere,NZ,-46.13,167.68,42.4,89,100,3.78,overcast clouds
433,Payo,ID,-3.75,103.64,83.32,84,100,4.43,overcast clouds
434,Feldkirchen,DE,48.15,11.74,41.0,96,0,1.01,clear sky
435,Lebedinyy,RU,58.52,125.52,3.9,95,100,5.1,light snow
436,Los Llanos De Aridane,ES,28.66,-17.92,64.4,63,0,9.17,clear sky
437,Isla Aguada,MX,18.78,-91.47,79.21,83,0,15.9,light rain
438,Huarmey,PE,-10.07,-78.15,59.61,85,20,3.47,few clouds
439,Isilkul,RU,54.91,71.27,44.31,55,100,14.97,overcast clouds
440,Bud,US,39.45,-86.18,55.0,87,1,5.17,clear sky
441,Grindavik,IS,63.84,-22.43,37.4,93,75,16.11,shower rain
442,Padang,ID,-0.95,100.35,84.74,67,100,4.65,overcast clouds
443,Hay River,CA,60.82,-115.8,1.4,77,100,4.7,overcast clouds
444,Mendi,PG,-6.18,143.65,59.29,100,100,1.88,moderate rain
445,Roznov,RO,46.83,26.52,46.99,43,36,3.31,scattered clouds
446,Haines Junction,CA,60.75,-137.51,-11.2,76,4,3.36,clear sky
447,Felipe Carrillo Puerto,MX,19.58,-88.05,71.37,99,100,3.13,overcast clouds
448,Andenes,NO,69.31,16.12,41.0,80,100,27.51,overcast clouds
449,Maniitsoq,GL,65.42,-52.9,23.2,86,100,3.13,overcast clouds
450,Boa Vista,BR,2.82,-60.67,77.0,83,75,3.36,broken clouds
451,Seoul,KR,37.57,126.98,66.2,36,1,12.26,haze
452,Ambon,ID,-3.7,128.18,83.43,67,61,9.46,broken clouds
453,Turukhansk,RU,65.82,87.98,15.69,96,95,12.82,light snow
454,Svolvaer,NO,68.23,14.57,42.01,84,89,15.99,light rain
455,Gus-Zheleznyy,RU,55.06,41.17,39.49,92,100,8.63,overcast clouds
456,Yenagoa,NG,4.92,6.26,79.11,89,98,3.51,overcast clouds
457,Karpogory,RU,64.0,44.45,35.85,94,100,6.71,overcast clouds
458,Lexington,US,37.99,-84.48,52.0,81,1,4.7,clear sky
459,Qaqortoq,GL,60.72,-46.03,30.2,86,100,9.17,light snow
460,Pangody,RU,65.85,74.49,32.49,98,100,8.86,overcast clouds
461,Bastia,FR,42.67,9.33,59.0,87,0,3.36,clear sky
462,Flinders,AU,-34.58,150.86,64.0,51,40,14.99,scattered clouds
463,Sawakin,SD,19.11,37.33,83.89,65,53,8.48,broken clouds
464,Ulu-Telyak,RU,54.91,56.97,39.13,90,100,6.69,light rain
465,Rocha,UY,-34.48,-54.33,55.35,96,93,3.18,overcast clouds
466,Zhengjiatun,CN,43.51,123.51,51.57,39,84,12.68,broken clouds
467,Deputatskiy,RU,69.3,139.9,-10.64,91,0,2.26,clear sky
468,Kislyakovskaya,RU,46.44,39.67,45.68,83,100,15.66,overcast clouds
469,Leningradskiy,RU,69.38,178.42,25.39,97,100,19.3,light snow
470,Cururupu,BR,-1.83,-44.87,76.01,86,100,2.8,overcast clouds
471,Saint-Georges,GD,12.06,-61.75,82.4,83,40,18.34,scattered clouds
472,Solnechnyy,RU,50.72,136.63,24.64,88,97,2.19,overcast clouds
473,Malakal,SS,9.53,31.66,85.42,22,19,9.84,few clouds
474,Phuket,TH,8.0,98.25,89.01,70,20,6.93,few clouds
475,Lenoir City,US,35.8,-84.26,50.0,96,0,2.51,clear sky
476,Eyl,SO,7.98,49.82,83.35,49,61,11.5,broken clouds
477,Pucallpa,PE,-8.38,-74.55,73.85,82,62,1.88,broken clouds
478,Tambovka,RU,50.1,128.05,28.4,86,40,4.47,scattered clouds
479,Sitka,US,57.05,-135.33,33.8,87,75,3.36,broken clouds
480,Sambava,MG,-14.27,50.17,80.91,62,94,12.06,overcast clouds
481,Guiratinga,BR,-16.35,-53.76,73.18,53,86,4.43,overcast clouds
482,Oranjestad,AW,12.52,-70.03,80.6,83,20,6.93,few clouds
483,Mareeba,AU,-17.0,145.43,89.01,56,2,10.0,clear sky
484,Launceston,AU,-41.45,147.17,60.8,36,12,12.75,few clouds
485,Aswan,EG,24.09,32.91,72.39,45,15,9.75,few clouds
486,Coahuayana,MX,18.73,-103.68,73.72,84,82,3.0,broken clouds
487,Chiredzi,ZW,-21.05,31.67,96.03,33,0,6.33,clear sky
488,Shahrud,IR,36.42,54.98,66.52,23,100,7.34,overcast clouds
489,Ayagoz,KZ,47.97,80.44,52.92,41,0,4.03,clear sky
490,Kutahya,TR,39.42,29.98,48.2,81,40,3.36,scattered clouds
491,Vao,NC,-22.67,167.48,75.18,78,0,13.38,clear sky
492,Saku,JP,36.22,138.48,66.2,63,75,17.22,shower rain
493,Olafsvik,IS,64.89,-23.71,38.75,93,100,20.51,light rain
494,Swan Hill,AU,-35.34,143.55,72.03,26,0,13.27,clear sky
495,Aykhal,RU,66.0,111.5,5.0,92,90,2.24,overcast clouds
496,Kohlu,PK,29.9,69.25,74.8,17,0,1.92,clear sky
497,Narasannapeta,IN,18.42,84.05,84.36,60,0,8.68,clear sky
498,Naze,JP,28.37,129.48,82.4,83,40,8.05,scattered clouds
499,Kathu,TH,7.92,98.33,89.01,70,20,6.93,few clouds
500,Luwuk,ID,-0.95,122.79,83.86,71,26,6.82,moderate rain
501,Hami,CN,42.8,93.45,56.62,30,0,3.31,clear sky
502,Hualmay,PE,-11.1,-77.61,59.41,86,42,4.07,scattered clouds
503,Vostok,RU,46.49,135.88,30.74,97,7,7.14,clear sky
504,Naryan-Mar,RU,67.67,53.09,33.98,98,100,2.08,overcast clouds
505,Funadhoo,MV,6.15,73.27,84.22,75,100,18.16,light rain
506,Verkhoyansk,RU,67.54,133.38,-24.61,83,77,1.23,broken clouds
507,Oistins,BB,13.07,-59.53,80.6,83,40,14.99,shower rain
508,Kulykiv,UA,50.31,24.82,44.51,93,10,6.67,clear sky
509,Kagadi,UG,0.96,30.8,68.97,93,100,2.35,light rain
510,Santa Cruz De La Palma,ES,28.68,-17.76,64.4,63,0,9.17,clear sky
511,Chiquilistlan,MX,20.2,-103.82,57.52,60,90,1.48,overcast clouds
512,Port Hedland,AU,-20.32,118.57,98.6,30,0,20.8,clear sky
513,Sao Joao Da Barra,BR,-21.64,-41.05,68.45,86,66,7.05,broken clouds
514,Maroantsetra,MG,-15.43,49.73,78.4,66,91,5.46,overcast clouds
515,Manaure,CO,11.78,-72.44,79.79,80,76,2.37,light rain
516,Muli,MV,2.92,73.57,83.14,68,38,0.34,scattered clouds
517,Kincardine,GB,56.07,-3.72,43.0,100,90,3.36,mist
518,Dodola,ET,6.98,39.18,62.87,65,44,5.39,scattered clouds
519,Chernyshevskiy,RU,63.01,112.47,-1.64,91,0,4.72,clear sky
520,Yarim,YE,14.3,44.38,63.25,28,0,1.63,clear sky
521,Abu Dhabi,AE,24.47,54.37,82.4,44,0,10.29,clear sky
522,Kjollefjord,NO,70.95,27.35,40.39,70,83,22.59,broken clouds
523,Zyryanka,RU,65.75,150.85,-0.47,92,100,13.47,overcast clouds
524,Kamaishi,JP,39.27,141.88,50.0,100,75,1.12,broken clouds
525,Yerkoy,TR,39.64,34.47,49.96,60,0,6.53,clear sky
526,Tsabong,BW,-26.02,22.4,79.23,21,0,4.0,clear sky
527,Saint-Augustin,CA,51.23,-58.65,42.94,96,100,18.23,moderate rain
528,Jieshi,CN,22.81,115.83,84.0,53,84,3.0,broken clouds
529,Mehamn,NO,71.04,27.85,39.6,72,86,22.28,overcast clouds
530,Tabat,ID,-2.63,115.23,93.16,47,36,4.36,light rain
531,Kunashak,RU,55.7,61.55,42.8,52,40,11.18,scattered clouds
532,Kungurtug,RU,50.6,97.52,30.31,90,94,1.43,overcast clouds
533,Victoria Point,AU,-27.58,153.3,75.0,55,15,5.01,few clouds
534,Santa Isabel Do Rio Negro,BR,-0.41,-65.02,73.71,97,99,1.07,overcast clouds
535,Kieta,PG,-6.22,155.63,81.66,76,100,1.48,light rain
536,Geraldton,AU,-28.77,114.6,77.0,57,0,16.11,clear sky
537,Pandharpur,IN,17.67,75.33,84.85,50,44,9.91,scattered clouds
538,Oranjemund,NA,-28.55,16.43,63.91,72,0,6.2,clear sky
539,Hervey Bay,AU,-25.3,152.85,75.99,63,28,4.0,scattered clouds
540,Sucua,EC,-2.47,-78.17,66.94,76,98,3.74,overcast clouds
541,La Orilla,MX,17.98,-102.23,74.89,91,39,2.68,scattered clouds
542,Irbil,IQ,36.19,44.01,60.8,100,20,3.36,mist
543,Salalah,OM,17.02,54.09,82.4,54,20,3.36,few clouds
544,Lima,PE,-12.04,-77.03,64.4,82,90,8.05,overcast clouds
545,Sayyan,YE,15.17,44.32,64.51,27,0,1.43,clear sky
546,Thinadhoo,MV,0.53,72.93,83.5,67,97,1.48,overcast clouds
547,Chernaya Kholunitsa,RU,58.85,51.72,34.54,94,99,4.56,overcast clouds
548,Anloga,GH,5.79,0.9,78.8,94,40,4.7,scattered clouds
549,Am Timan,TD,11.03,20.28,82.27,28,31,9.4,scattered clouds
550,Conceicao Da Barra,BR,-18.59,-39.73,71.46,94,56,2.04,broken clouds
551,Walvis Bay,NA,-22.96,14.51,60.01,87,0,5.82,clear sky
552,Bandarbeyla,SO,9.49,50.81,79.77,62,0,10.0,clear sky
553,Port Macquarie,AU,-31.43,152.92,64.99,82,90,17.22,overcast clouds
554,Ratnagiri,IN,16.98,73.3,87.49,60,0,2.95,clear sky
555,Fort Nelson,CA,58.81,-122.7,5.0,92,40,9.17,scattered clouds
556,Hojai,IN,26.0,92.87,77.77,75,12,2.8,few clouds
557,Lakes Entrance,AU,-37.88,147.98,59.0,56,0,5.01,clear sky
558,Comodoro Rivadavia,AR,-45.87,-67.5,53.6,58,0,3.36,clear sky
559,Coelho Neto,BR,-4.26,-43.01,75.24,87,99,1.16,overcast clouds
560,Kharan,PK,28.58,65.42,81.14,14,0,3.76,clear sky
561,Bindi,SL,9.92,-11.45,71.24,90,74,2.28,broken clouds
562,Petropavlovsk-Kamchatskiy,RU,53.05,158.65,30.2,74,20,4.47,few clouds
563,Dawson Creek,CA,55.77,-120.24,12.2,85,1,3.36,clear sky
564,Linhares,BR,-19.39,-40.07,69.31,97,32,4.56,scattered clouds
565,Carauari,BR,-4.88,-66.9,73.35,97,90,0.36,overcast clouds
566,Aboso,GH,5.36,-1.95,76.59,93,61,2.15,broken clouds
567,Zhicheng,CN,30.3,111.5,76.73,27,0,4.52,clear sky
568,Bara,NG,10.37,10.73,75.81,27,0,9.06,clear sky
569,Anadyr,RU,64.75,177.48,26.6,86,75,17.9,light snow
570,Buala,SB,-8.14,159.59,82.8,70,83,1.63,broken clouds
571,Odienne,CI,9.51,-7.57,72.37,85,47,2.21,scattered clouds
572,Wolkersdorf,AT,48.38,16.52,37.0,69,7,3.36,mist
573,Karakol,KG,42.49,78.39,46.76,47,0,2.57,clear sky
574,Lewiston,US,44.1,-70.21,57.0,71,1,3.36,clear sky
575,Riyadh,SA,24.69,46.72,77.0,22,0,11.41,clear sky
576,Berdigestyakh,RU,62.1,126.7,2.17,92,100,5.44,overcast clouds
577,Vila Velha,BR,-20.33,-40.29,71.6,88,75,6.93,broken clouds
578,Puerto Quijarro,BO,-17.78,-57.77,73.49,38,0,2.24,clear sky
579,Porto Novo,BJ,6.5,2.6,78.8,94,40,3.36,scattered clouds
580,Gawler,AU,-34.6,138.73,73.99,30,0,7.0,clear sky
581,Mackenzie,CA,55.3,-123.17,24.8,73,75,5.82,broken clouds
582,Cap Malheureux,MU,-19.98,57.61,78.01,62,0,11.99,clear sky
583,Siena,IT,43.22,11.4,51.01,91,0,1.01,clear sky
584,College,US,64.86,-147.8,30.0,96,100,6.24,overcast clouds
585,Madaoua,NE,14.07,5.96,75.88,21,36,13.4,scattered clouds
586,Bingol,TR,38.88,40.49,48.2,93,75,3.36,broken clouds
587,Outlook,CA,51.5,-107.05,33.8,88,97,9.17,light rain
588,Redcar,GB,54.62,-1.06,43.0,97,0,6.24,clear sky
589,Cairns,AU,-16.92,145.77,86.0,62,75,8.05,broken clouds
590,Cockburn Town,TC,21.46,-71.14,79.79,81,100,20.33,moderate rain
591,Hirna,ET,9.22,41.1,70.99,53,82,1.7,broken clouds
592,Tarata,BO,-17.62,-66.02,57.2,58,78,3.36,broken clouds
593,Mayachnyy,RU,52.68,55.69,38.48,90,100,8.97,overcast clouds
594,Basqal,AZ,40.76,48.39,57.2,67,75,6.93,broken clouds
595,Fenelon Falls,CA,44.53,-78.75,54.0,81,93,8.05,overcast clouds
596,Yarada,IN,17.65,83.27,87.8,58,40,8.05,haze
597,Nizwa,OM,22.93,57.53,82.76,39,15,8.99,few clouds
598,Turbat,PK,26.0,63.04,90.77,12,0,4.74,clear sky
599,Douglas,US,41.3,-96.17,60.01,87,1,18.34,clear sky
600,Puerto Escondido,MX,15.85,-97.07,76.59,77,77,4.9,broken clouds
601,Isangel,VU,-19.55,169.27,86.0,66,75,5.19,broken clouds
602,Carbonia,IT,39.17,8.52,60.01,81,20,4.7,few clouds
603,Nabire,ID,-3.37,135.48,87.4,64,60,5.7,broken clouds
604,Ushtobe,KZ,45.25,77.98,60.01,27,0,3.11,clear sky
605,Tupik,RU,54.43,119.93,20.34,87,96,8.97,overcast clouds
606,Quchan,IR,37.11,58.51,69.94,19,54,7.0,broken clouds
607,Manbij,SY,36.53,37.95,60.8,55,0,4.7,clear sky
608,Goderich,CA,43.75,-81.72,57.2,67,100,13.87,overcast clouds
609,Qui Nhon,VN,13.77,109.23,77.85,82,74,17.6,broken clouds
610,Katangli,RU,51.71,143.23,27.55,83,89,6.49,overcast clouds
611,Makakilo City,US,21.35,-158.09,80.6,74,75,3.36,broken clouds
612,Springbok,ZA,-29.66,17.89,58.05,67,54,10.07,broken clouds
613,Aksarka,RU,66.56,67.8,31.95,99,100,4.76,overcast clouds
614,Barkot,IN,30.82,78.2,73.4,18,0,4.43,clear sky
615,Berlevag,NO,70.86,29.09,40.05,71,92,23.85,overcast clouds
616,Tambo,PE,-14.8,-73.92,39.94,71,6,2.66,clear sky
617,Zemes,RO,46.58,26.42,48.2,87,75,9.17,broken clouds
618,Trat,TH,12.5,102.5,89.6,62,40,9.17,scattered clouds
619,Matara,LK,5.95,80.54,88.81,60,96,10.94,overcast clouds
620,San Juan,AR,-31.54,-68.54,65.89,34,31,2.82,scattered clouds
621,Batagay,RU,67.63,134.63,-24.79,84,33,0.78,scattered clouds
622,High Level,CA,58.52,-117.14,1.4,84,20,2.24,few clouds
623,Channahon,US,41.43,-88.23,55.99,81,1,4.7,clear sky
624,Si Sa Ket,TH,14.83,104.33,84.99,99,31,10.22,scattered clouds
625,Niquero,CU,20.04,-77.58,73.6,88,100,8.59,moderate rain
626,Camas,ES,37.4,-6.03,59.0,93,40,2.24,drizzle
627,Gamboma,CG,-1.88,15.86,77.43,78,89,2.21,overcast clouds
628,Bella Vista,US,36.43,-94.23,52.0,81,1,3.36,clear sky
629,Khani,GE,41.96,42.96,57.2,76,75,9.17,broken clouds
630,Daugai,LT,54.37,24.33,50.0,87,90,11.41,overcast clouds
631,Ullapool,GB,57.9,-5.16,39.0,41,86,1.99,overcast clouds
632,Rawson,AR,-43.3,-65.1,49.93,78,26,11.03,scattered clouds
633,Ilulissat,GL,69.22,-51.1,14.0,51,100,11.41,overcast clouds
634,Rockland,US,41.17,-74.05,55.99,67,0,4.27,clear sky
635,Kununurra,AU,-15.77,128.73,95.0,32,100,5.82,overcast clouds
636,High Prairie,CA,55.43,-116.49,15.8,85,100,4.7,overcast clouds
637,Gambela,ET,8.25,34.58,85.35,57,100,1.03,overcast clouds
638,Bay Roberts,CA,47.6,-53.26,53.6,93,90,18.34,light intensity shower rain
639,Nepa Nagar,IN,21.47,76.4,84.13,27,0,4.45,clear sky
640,Airai,TL,-8.93,125.41,77.77,39,78,7.2,broken clouds
641,Napoleon,US,41.39,-84.13,51.8,75,1,3.36,clear sky
642,Ponta Delgada,PT,37.73,-25.67,59.0,58,40,11.41,scattered clouds
643,Wilmington,US,34.23,-77.94,64.99,100,1,6.93,clear sky
644,Xudat,AZ,41.63,48.68,52.12,78,100,11.83,overcast clouds
645,Eirunepe,BR,-6.66,-69.87,73.89,88,86,1.28,overcast clouds
646,Chincholi,IN,17.47,77.43,84.51,49,0,8.86,clear sky
647,Seydi,TM,39.48,62.91,78.21,14,78,19.26,broken clouds
648,Atikokan,CA,48.76,-91.62,43.7,94,100,5.75,overcast clouds
649,Santa Cruz,BO,-17.8,-63.17,75.2,83,70,2.24,smoke
650,Makubetsu,JP,45.37,141.82,50.0,76,75,8.05,broken clouds
651,Marsabit,KE,2.33,37.99,63.52,99,89,14.67,light rain
652,Arman,RU,59.7,150.17,12.81,86,96,11.97,overcast clouds
653,Rong Kwang,TH,18.34,100.32,91.4,59,40,2.24,scattered clouds
654,Inuvik,CA,68.35,-133.72,17.6,72,100,1.12,overcast clouds
655,Pochutla,MX,15.74,-96.47,75.0,88,100,3.15,overcast clouds
656,Voyvozh,RU,62.89,54.96,32.04,99,98,3.74,overcast clouds
657,Nang Rong,TH,14.64,102.79,82.4,74,75,9.17,broken clouds
658,Sinop,TR,41.77,34.87,57.2,67,75,6.93,broken clouds
659,Yarensk,RU,62.17,49.09,34.2,95,99,5.1,light rain
660,Omsukchan,RU,62.53,155.8,1.13,89,100,4.97,overcast clouds
661,Severnyy,RU,50.68,36.55,42.8,87,75,17.9,broken clouds
662,Kihei,US,20.79,-156.47,78.8,74,40,12.75,scattered clouds
663,Khasan,RU,42.43,130.64,56.44,39,71,13.2,broken clouds
664,Keuruu,FI,62.27,24.7,46.0,87,0,10.29,clear sky
665,Maymyo,MM,22.03,96.47,87.8,70,40,3.36,scattered clouds
666,Henties Bay,NA,-22.12,14.28,60.01,91,0,1.99,clear sky
667,Ghanzi,BW,-21.57,21.78,86.56,17,2,8.81,clear sky
668,Zhanaozen,KZ,43.3,52.8,52.74,58,100,15.39,overcast clouds
669,Warrington,GB,53.39,-2.58,43.0,93,10,9.17,clear sky
670,Vallenar,CL,-28.57,-70.76,57.47,64,19,1.28,few clouds
671,Ternate,ID,0.8,127.4,83.98,72,52,10.13,light rain
672,Parkes,AU,-33.13,148.18,77.0,23,0,1.01,clear sky
673,Monteiro,BR,-7.89,-37.12,70.38,84,14,8.12,few clouds
674,Aligudarz,IR,33.4,49.69,58.12,32,100,7.56,overcast clouds
675,Chake Chake,TZ,-5.25,39.77,85.91,58,2,5.3,clear sky
676,Dukat,RU,62.55,155.55,-2.65,91,100,4.38,overcast clouds
677,Santa Vitoria Do Palmar,BR,-33.52,-53.37,59.72,94,37,6.91,scattered clouds
678,Labuan,MY,5.28,115.24,86.0,74,20,3.36,few clouds
679,San Andres,CO,12.58,-81.7,75.2,94,40,4.97,scattered clouds
680,Marathon,US,44.9,-89.77,55.0,93,1,3.36,clear sky
681,Lensk,RU,60.73,114.93,3.31,89,100,10.18,overcast clouds
682,Kurilsk,RU,45.23,147.88,49.87,80,97,3.78,overcast clouds
683,Green River,US,41.53,-109.47,55.4,32,1,11.41,clear sky
684,Taber,CA,49.82,-112.15,37.4,100,100,5.82,overcast clouds
685,Sovetskaya Gavan,RU,48.97,140.29,33.91,86,100,6.51,overcast clouds
686,Samarinda,ID,-0.5,117.15,93.24,48,52,3.47,broken clouds
687,Raton,US,36.9,-104.44,50.0,34,1,8.05,clear sky
688,Ayan,RU,56.45,138.17,18.09,84,100,14.83,overcast clouds
689,Petatlan,MX,17.52,-101.27,74.3,83,100,3.94,overcast clouds
690,Barra Do Garcas,BR,-15.89,-52.26,75.56,60,100,6.29,overcast clouds
691,Mao,ES,39.89,4.27,66.2,93,75,10.29,light rain
692,Ondo,NG,7.1,4.83,74.68,95,27,2.64,scattered clouds
693,Mandalgovi,MN,45.76,106.27,35.29,63,0,16.71,clear sky
694,Kaeo,NZ,-35.1,173.78,66.99,95,95,17.0,light rain
695,Monte Alegre,BR,-2.01,-54.07,73.45,93,17,3.15,heavy intensity rain
696,Muriwai Beach,NZ,-36.82,174.45,64.99,90,94,3.0,overcast clouds
697,Cesis,LV,57.31,25.27,46.0,98,27,3.0,scattered clouds
